country,survey,item_code_code,item_code_name,priority,source,standard_food_code,standard_food_name
MWI,IHS5,414,CHIGWADWA (CASSAVA LEAVES),3,MWI-IHS5-non-standard-list,NA,NA
MWI,IHS5,414,CHITAMBE (MFUTSO),3,MWI-IHS5-non-standard-list,NA,NA
MWI,IHS5,908,CHIBUKU (COMMERCIAL TRADITIONAL-STYLE BEER),3,MWI-IHS5-non-standard-list,NA,NA
MWI,IHS5,916,DRAGON FROZY,3,MWI-IHS5-non-standard-list,NA,NA
MWI,IHS5,101,MAIZE UFA MGAIWA (NORMAL FLOUR),1,MWI-IHS5-standard-list,101,MAIZE UFA MGAIWA (NORMAL FLOUR)
MWI,IHS5,102,MAIZE UFA REFINED (FINE FLOUR),1,MWI-IHS5-standard-list,102,MAIZE UFA REFINED (FINE FLOUR)
MWI,IHS5,103,MAIZE UFA PROCESSED MADEYA (BRAN FLOUR - PROCESSED),1,MWI-IHS5-standard-list,103,MAIZE UFA PROCESSED MADEYA (BRAN FLOUR - PROCESSED)
MWI,IHS5,104,MAIZE GRAIN (NOT AS UFA),1,MWI-IHS5-standard-list,104,MAIZE GRAIN (NOT AS UFA)
MWI,IHS5,105,GREEN MAIZE,1,MWI-IHS5-standard-list,105,GREEN MAIZE
MWI,IHS5,106,RICE,1,MWI-IHS5-standard-list,106,RICE
MWI,IHS5,107,FINGER MILLET (MAWERE),1,MWI-IHS5-standard-list,107,FINGER MILLET (MAWERE)
MWI,IHS5,108,SORGHUM (MAPIRA),1,MWI-IHS5-standard-list,108,SORGHUM (MAPIRA)
MWI,IHS5,109,PEARL MILLET (MCHEWERE),1,MWI-IHS5-standard-list,109,PEARL MILLET (MCHEWERE)
MWI,IHS5,110,WHEAT FLOUR,1,MWI-IHS5-standard-list,110,WHEAT FLOUR
MWI,IHS5,111,BREAD,1,MWI-IHS5-standard-list,111,BREAD
MWI,IHS5,112,"BUNS, SCONES",1,MWI-IHS5-standard-list,112,"BUNS, SCONES"
MWI,IHS5,113,BISCUITS,1,MWI-IHS5-standard-list,113,BISCUITS
MWI,IHS5,114,"SPAGHETTI, MACARONI, PASTA",1,MWI-IHS5-standard-list,114,"SPAGHETTI, MACARONI, PASTA"
MWI,IHS5,115,BREAKFAST CEREALS,1,MWI-IHS5-standard-list,115,BREAKFAST CEREALS
MWI,IHS5,116,INFANT FEEDING CEREALS,1,MWI-IHS5-standard-list,116,INFANT FEEDING CEREALS
MWI,IHS5,118,MAIZE UFA RAW MADEYA (BRAN FLOUR - UNPROCESSED),1,MWI-IHS5-standard-list,118,MAIZE UFA RAW MADEYA (BRAN FLOUR - UNPROCESSED)
MWI,IHS5,201,CASSAVA TUBERS,1,MWI-IHS5-standard-list,201,CASSAVA TUBERS
MWI,IHS5,202,CASSAVA FLOUR,1,MWI-IHS5-standard-list,202,CASSAVA FLOUR
MWI,IHS5,203,WHITE SWEET POTATO,1,MWI-IHS5-standard-list,203,WHITE SWEET POTATO
MWI,IHS5,204,ORANGE SWEET POTATO,1,MWI-IHS5-standard-list,204,ORANGE SWEET POTATO
MWI,IHS5,205,IRISH POTATO,1,MWI-IHS5-standard-list,205,IRISH POTATO
MWI,IHS5,206,POTATO CRISPS,1,MWI-IHS5-standard-list,206,POTATO CRISPS
MWI,IHS5,207,"PLANTAIN, COOKING BANANA",1,MWI-IHS5-standard-list,207,"PLANTAIN, COOKING BANANA"
MWI,IHS5,208,COCOYAM (MASIMBI),1,MWI-IHS5-standard-list,208,COCOYAM (MASIMBI)
MWI,IHS5,301,"BEAN, WHITE",1,MWI-IHS5-standard-list,301,"BEAN, WHITE"
MWI,IHS5,302,"BEAN, BROWN",1,MWI-IHS5-standard-list,302,"BEAN, BROWN"
MWI,IHS5,303,PIGEON PEA (NANDOLO),1,MWI-IHS5-standard-list,303,PIGEON PEA (NANDOLO)
MWI,IHS5,305,GROUNDNUT FLOUR,1,MWI-IHS5-standard-list,305,GROUNDNUT FLOUR
MWI,IHS5,306,SOYABEAN FLOUR,1,MWI-IHS5-standard-list,306,SOYABEAN FLOUR
MWI,IHS5,307,GROUND BEAN (NZAMA),1,MWI-IHS5-standard-list,307,GROUND BEAN (NZAMA)
MWI,IHS5,308,COWPEA (KHOBWE),1,MWI-IHS5-standard-list,308,COWPEA (KHOBWE)
MWI,IHS5,309,MACADEMIA NUTS,1,MWI-IHS5-standard-list,309,MACADEMIA NUTS
MWI,IHS5,311,GROUNDNUT (SHELLED),1,MWI-IHS5-standard-list,311,GROUNDNUT (SHELLED)
MWI,IHS5,312,GROUNDNUT DRIED (UNSHELLED),1,MWI-IHS5-standard-list,312,GROUNDNUT DRIED (UNSHELLED)
MWI,IHS5,313,GROUNDNUT FRESH (UNSHELLED),1,MWI-IHS5-standard-list,313,GROUNDNUT FRESH (UNSHELLED)
MWI,IHS5,401,ONION,1,MWI-IHS5-standard-list,401,ONION
MWI,IHS5,402,CABBAGE,1,MWI-IHS5-standard-list,402,CABBAGE
MWI,IHS5,403,TANAPOSI/RAPE,1,MWI-IHS5-standard-list,403,TANAPOSI/RAPE
MWI,IHS5,404,NKHWANI,1,MWI-IHS5-standard-list,404,NKHWANI
MWI,IHS5,405,CHINESE CABBAGE,1,MWI-IHS5-standard-list,405,CHINESE CABBAGE
MWI,IHS5,406,OTHER CULTIVATED GREEN LEAFY VEGETABLES,1,MWI-IHS5-standard-list,406,OTHER CULTIVATED GREEN LEAFY VEGETABLES
MWI,IHS5,407,GATHERED WILD GREEN LEAVES,1,MWI-IHS5-standard-list,407,GATHERED WILD GREEN LEAVES
MWI,IHS5,408,TOMATO,1,MWI-IHS5-standard-list,408,TOMATO
MWI,IHS5,409,CUCUMBER,1,MWI-IHS5-standard-list,409,CUCUMBER
MWI,IHS5,410,PUMPKIN,1,MWI-IHS5-standard-list,410,PUMPKIN
MWI,IHS5,411,OKRA / THERERE,1,MWI-IHS5-standard-list,411,OKRA / THERERE
MWI,IHS5,412,TINNED VEGETABLES (SPECIFY),1,MWI-IHS5-standard-list,412,TINNED VEGETABLES (SPECIFY)
MWI,IHS5,413,MUSHROOM,1,MWI-IHS5-standard-list,413,MUSHROOM
MWI,IHS5,501,EGGS,1,MWI-IHS5-standard-list,501,EGGS
MWI,IHS5,504,BEEF,1,MWI-IHS5-standard-list,504,BEEF
MWI,IHS5,505,GOAT,1,MWI-IHS5-standard-list,505,GOAT
MWI,IHS5,506,PORK,1,MWI-IHS5-standard-list,506,PORK
MWI,IHS5,507,MUTTON,1,MWI-IHS5-standard-list,507,MUTTON
MWI,IHS5,508,CHICKEN - WHOLE,1,MWI-IHS5-standard-list,508,CHICKEN - WHOLE
MWI,IHS5,509,"OTHER POULTRY - GUINEA FOWL, DOVES, ETC",1,MWI-IHS5-standard-list,509,"OTHER POULTRY - GUINEA FOWL, DOVES, ETC"
MWI,IHS5,510,"SMALL ANIMAL – RABBIT, MICE, ETC",1,MWI-IHS5-standard-list,510,"SMALL ANIMAL – RABBIT, MICE, ETC"
MWI,IHS5,511,"TERMITES, OTHER INSECTS (EG NGUMBI, CATERPILLAR)",1,MWI-IHS5-standard-list,511,"TERMITES, OTHER INSECTS (EG NGUMBI, CATERPILLAR)"
MWI,IHS5,512,TINNED MEAT OR FISH,1,MWI-IHS5-standard-list,512,TINNED MEAT OR FISH
MWI,IHS5,514,FISH SOUP/SAUCE,1,MWI-IHS5-standard-list,514,FISH SOUP/SAUCE
MWI,IHS5,522,CHICKEN - PIECES,1,MWI-IHS5-standard-list,522,CHICKEN - PIECES
MWI,IHS5,601,MANGO,1,MWI-IHS5-standard-list,601,MANGO
MWI,IHS5,602,BANANA,1,MWI-IHS5-standard-list,602,BANANA
MWI,IHS5,603,"CITRUS – NAARTJE, ORANGE, ETC",1,MWI-IHS5-standard-list,603,"CITRUS – NAARTJE, ORANGE, ETC"
MWI,IHS5,604,PINEAPPLE,1,MWI-IHS5-standard-list,604,PINEAPPLE
MWI,IHS5,605,PAPAYA,1,MWI-IHS5-standard-list,605,PAPAYA
MWI,IHS5,606,GUAVA,1,MWI-IHS5-standard-list,606,GUAVA
MWI,IHS5,607,AVOCADO,1,MWI-IHS5-standard-list,607,AVOCADO
MWI,IHS5,608,"WILD FRUIT (MASAU, MALAMBE, ETC)",1,MWI-IHS5-standard-list,608,"WILD FRUIT (MASAU, MALAMBE, ETC)"
MWI,IHS5,609,APPLE,1,MWI-IHS5-standard-list,609,APPLE
MWI,IHS5,610,OTHER FRUITS (SPECIFY),1,MWI-IHS5-standard-list,610,OTHER FRUITS (SPECIFY)
MWI,IHS5,701,FRESH MILK,1,MWI-IHS5-standard-list,701,FRESH MILK
MWI,IHS5,702,POWDERED MILK,1,MWI-IHS5-standard-list,702,POWDERED MILK
MWI,IHS5,703,MARGARINE - BLUE BAND,1,MWI-IHS5-standard-list,703,MARGARINE - BLUE BAND
MWI,IHS5,704,BUTTER,1,MWI-IHS5-standard-list,704,BUTTER
MWI,IHS5,705,CHAMBIKO - SOURED MILK,1,MWI-IHS5-standard-list,705,CHAMBIKO - SOURED MILK
MWI,IHS5,706,YOGHURT,1,MWI-IHS5-standard-list,706,YOGHURT
MWI,IHS5,707,CHEESE,1,MWI-IHS5-standard-list,707,CHEESE
MWI,IHS5,708,INFANT FEEDING FORMULA (FOR BOTTLE),1,MWI-IHS5-standard-list,708,INFANT FEEDING FORMULA (FOR BOTTLE)
MWI,IHS5,801,SUGAR,1,MWI-IHS5-standard-list,801,SUGAR
MWI,IHS5,802,SUGAR CANE,1,MWI-IHS5-standard-list,802,SUGAR CANE
MWI,IHS5,803,COOKING OIL,1,MWI-IHS5-standard-list,803,COOKING OIL
MWI,IHS5,810,SALT,1,MWI-IHS5-standard-list,810,SALT
MWI,IHS5,811,SPICES,1,MWI-IHS5-standard-list,811,SPICES
MWI,IHS5,812,"YEAST, BAKING POWDER, BICARBONATE OF SODA",1,MWI-IHS5-standard-list,812,"YEAST, BAKING POWDER, BICARBONATE OF SODA"
MWI,IHS5,813,TOMATO SAUCE (BOTTLE),1,MWI-IHS5-standard-list,813,TOMATO SAUCE (BOTTLE)
MWI,IHS5,814,"HOT SAUCE (NALI, ETC)",1,MWI-IHS5-standard-list,814,"HOT SAUCE (NALI, ETC)"
MWI,IHS5,815,"JAM, JELLY",1,MWI-IHS5-standard-list,815,"JAM, JELLY"
MWI,IHS5,816,"SWEETS, CANDY, CHOCOLATES",1,MWI-IHS5-standard-list,816,"SWEETS, CANDY, CHOCOLATES"
MWI,IHS5,817,HONEY,1,MWI-IHS5-standard-list,817,HONEY
MWI,IHS5,820,MAIZE - BOILED OR ROASTED (VENDOR),1,MWI-IHS5-standard-list,820,MAIZE - BOILED OR ROASTED (VENDOR)
MWI,IHS5,821,CHIPS (VENDOR),1,MWI-IHS5-standard-list,821,CHIPS (VENDOR)
MWI,IHS5,822,CASSAVA - BOILED (VENDOR),1,MWI-IHS5-standard-list,822,CASSAVA - BOILED (VENDOR)
MWI,IHS5,823,EGGS - BOILED (VENDOR),1,MWI-IHS5-standard-list,823,EGGS - BOILED (VENDOR)
MWI,IHS5,824,CHICKEN (VENDOR),1,MWI-IHS5-standard-list,824,CHICKEN (VENDOR)
MWI,IHS5,825,MEAT (VENDOR),1,MWI-IHS5-standard-list,825,MEAT (VENDOR)
MWI,IHS5,826,FISH (VENDOR),1,MWI-IHS5-standard-list,826,FISH (VENDOR)
MWI,IHS5,827,"MANDAZI, DOUGHNUT (VENDOR)",1,MWI-IHS5-standard-list,827,"MANDAZI, DOUGHNUT (VENDOR)"
MWI,IHS5,828,SAMOSA (VENDOR),1,MWI-IHS5-standard-list,828,SAMOSA (VENDOR)
MWI,IHS5,829,MEAL EATEN AT RESTAURANT,1,MWI-IHS5-standard-list,829,MEAL EATEN AT RESTAURANT
MWI,IHS5,831,BOILED SWEET POTATOES,1,MWI-IHS5-standard-list,831,BOILED SWEET POTATOES
MWI,IHS5,832,ROASTED SWEET POTATOES,1,MWI-IHS5-standard-list,832,ROASTED SWEET POTATOES
MWI,IHS5,833,BOILED GROUNDNUTS,1,MWI-IHS5-standard-list,833,BOILED GROUNDNUTS
MWI,IHS5,834,ROASTED GROUNDNUTS,1,MWI-IHS5-standard-list,834,ROASTED GROUNDNUTS
MWI,IHS5,835,POPCORN,1,MWI-IHS5-standard-list,835,POPCORN
MWI,IHS5,836,ZIKONDAMOYO / NKATE,1,MWI-IHS5-standard-list,836,ZIKONDAMOYO / NKATE
MWI,IHS5,837,KALONGONDA (MUCUNA),1,MWI-IHS5-standard-list,837,KALONGONDA (MUCUNA)
MWI,IHS5,838,CASSAVA - ROASTED (VENDOR),1,MWI-IHS5-standard-list,838,CASSAVA - ROASTED (VENDOR)
MWI,IHS5,901,TEA,1,MWI-IHS5-standard-list,901,TEA
MWI,IHS5,902,COFFEE,1,MWI-IHS5-standard-list,902,COFFEE
MWI,IHS5,903,"COCOA, MILO",1,MWI-IHS5-standard-list,903,"COCOA, MILO"
MWI,IHS5,904,SQUASH (SOBO DRINK CONCENTRATE),1,MWI-IHS5-standard-list,904,SQUASH (SOBO DRINK CONCENTRATE)
MWI,IHS5,905,FRUIT JUICE,1,MWI-IHS5-standard-list,905,FRUIT JUICE
MWI,IHS5,906,FREEZES (FLAVOURED ICE),1,MWI-IHS5-standard-list,906,FREEZES (FLAVOURED ICE)
MWI,IHS5,907,"SOFT DRINKS (COCA-COLA, FANTA, SPRITE, ETC)",1,MWI-IHS5-standard-list,907,"SOFT DRINKS (COCA-COLA, FANTA, SPRITE, ETC)"
MWI,IHS5,908,CHIBUKU(COMMERCIAL TRADITIONAL-STYLE BEER),1,MWI-IHS5-standard-list,908,CHIBUKU(COMMERCIAL TRADITIONAL-STYLE BEER)
MWI,IHS5,909,BOTTLED WATER,1,MWI-IHS5-standard-list,909,BOTTLED WATER
MWI,IHS5,910,MAHEU,1,MWI-IHS5-standard-list,910,MAHEU
MWI,IHS5,911,"BOTTLED / CANNED BEER (CARLSBERG, ETC)",1,MWI-IHS5-standard-list,911,"BOTTLED / CANNED BEER (CARLSBERG, ETC)"
MWI,IHS5,912,THOBWA,1,MWI-IHS5-standard-list,912,THOBWA
MWI,IHS5,913,TRADITIONAL BEER (MASESE),1,MWI-IHS5-standard-list,913,TRADITIONAL BEER (MASESE)
MWI,IHS5,914,WINE OR COMMERCIAL LIQUOR,1,MWI-IHS5-standard-list,914,WINE OR COMMERCIAL LIQUOR
MWI,IHS5,915,LOCALLY BREWED LIQUOR (KACHASU ),1,MWI-IHS5-standard-list,915,LOCALLY BREWED LIQUOR (KACHASU )
MWI,IHS5,5021,SUN DRIED FISH (LARGE VARIETY),1,MWI-IHS5-standard-list,5021,SUN DRIED FISH (LARGE VARIETY)
MWI,IHS5,5022,SUN DRIED FISH (MEDIUM VARIETY),1,MWI-IHS5-standard-list,5022,SUN DRIED FISH (MEDIUM VARIETY)
MWI,IHS5,5023,SUN DRIED FISH (SMALL VARIETY),1,MWI-IHS5-standard-list,5023,SUN DRIED FISH (SMALL VARIETY)
MWI,IHS5,5031,FRESH FISH (LARGE VARIETY),1,MWI-IHS5-standard-list,5031,FRESH FISH (LARGE VARIETY)
MWI,IHS5,5032,FRESH FISH (MEDIUM VARIETY),1,MWI-IHS5-standard-list,5032,FRESH FISH (MEDIUM VARIETY)
MWI,IHS5,5033,FRESH FISH (SMALL VARIETY),1,MWI-IHS5-standard-list,5033,FRESH FISH (SMALL VARIETY)
MWI,IHS5,5121,SMOKED FISH (LARGE VARIETY),1,MWI-IHS5-standard-list,5121,SMOKED FISH (LARGE VARIETY)
MWI,IHS5,5122,SMOKED FISH (MEDIUM VARIETY),1,MWI-IHS5-standard-list,5122,SMOKED FISH (MEDIUM VARIETY)
MWI,IHS5,5123,SMOKED FISH (SMALL VARIETY),1,MWI-IHS5-standard-list,5123,SMOKED FISH (SMALL VARIETY)
MWI,IHS5,103,MAIZE UFA PROCESSED MADEYA (BRAN FLOUR PROCESSED),5,ihs5_conversion_factors_GO,103,MAIZE UFA PROCESSED MADEYA (BRAN FLOUR - PROCESSED)
MWI,IHS5,106,RICE UNSPECIFIED,5,ihs5_conversion_factors_GO,106,RICE
MWI,IHS5,112,"BUNS, SCONES YELLOW",5,ihs5_conversion_factors_GO,112,"BUNS, SCONES"
MWI,IHS5,118,MAIZE UFA RAW MADEYA(BRAN FLOUR - UNPROCESSED),5,ihs5_conversion_factors_GO,118,MAIZE UFA RAW MADEYA (BRAN FLOUR - UNPROCESSED)
MWI,IHS5,119,"MAIZE, YELLOW FLOUR",5,ihs5_conversion_factors_GO,NA,NA
MWI,IHS5,303,PEGION PEA (NANDOLO),5,ihs5_conversion_factors_GO,303,PIGEON PEA (NANDOLO)
MWI,IHS5,303,PIGEONPEA (NANDOLO),5,ihs5_conversion_factors_GO,303,PIGEON PEA (NANDOLO)
MWI,IHS5,303,"PIGEONPEA (NANDOLO), FRESH",5,ihs5_conversion_factors_GO,303,PIGEON PEA (NANDOLO)
MWI,IHS5,304,GROUND NUT (NUTS),5,ihs5_conversion_factors_GO,NA,NA
MWI,IHS5,306,SOYBEAN FLOUR,5,ihs5_conversion_factors_GO,306,SOYABEAN FLOUR
MWI,IHS5,307,GROUNDBEAN (NZAMA),5,ihs5_conversion_factors_GO,307,GROUND BEAN (NZAMA)
MWI,IHS5,316,SPOTTED BEANS (DEMETTA/KENYATA),5,ihs5_conversion_factors_GO,NA,NA
MWI,IHS5,401,ONION),5,ihs5_conversion_factors_GO,401,ONION
MWI,IHS5,411,OKRA,5,ihs5_conversion_factors_GO,411,OKRA / THERERE
MWI,IHS5,502,DRIED FISH,5,ihs5_conversion_factors_GO,NA,NA
MWI,IHS5,503,FRESH FISH,5,ihs5_conversion_factors_GO,NA,NA
MWI,IHS5,504,"BEEF, HAM",5,ihs5_conversion_factors_GO,504,BEEF
MWI,IHS5,506,"PORK, FILLET",5,ihs5_conversion_factors_GO,506,PORK
MWI,IHS5,508,"CHICKEN (TRADITIONALLY), BRED LIVE",5,ihs5_conversion_factors_GO,508,CHICKEN - WHOLE
MWI,IHS5,508,CHICKEN PIECE,5,ihs5_conversion_factors_GO,508,CHICKEN - WHOLE
MWI,IHS5,509,"OTHER POULTRY GUINEA FOWL, DOVES, ETC",5,ihs5_conversion_factors_GO,509,"OTHER POULTRY - GUINEA FOWL, DOVES, ETC"
MWI,IHS5,510,"SMALL ANIMAL / RABBIT, MICE, ETC",5,ihs5_conversion_factors_GO,510,"SMALL ANIMAL – RABBIT, MICE, ETC"
MWI,IHS5,511,"TERMITES, OTHER INSECTS EG NGUMBI, CATERPILLAR",5,ihs5_conversion_factors_GO,511,"TERMITES, OTHER INSECTS (EG NGUMBI, CATERPILLAR)"
MWI,IHS5,522,CHICKEN BREAST WITHOUT SKIN,5,ihs5_conversion_factors_GO,522,CHICKEN - PIECES
MWI,IHS5,603,"CITRUS / NAARTJE, ORANGE, ETC",5,ihs5_conversion_factors_GO,603,"CITRUS – NAARTJE, ORANGE, ETC"
MWI,IHS5,608,"WILD FRUIT MASAU, MALAMBE, ETC",5,ihs5_conversion_factors_GO,608,"WILD FRUIT (MASAU, MALAMBE, ETC)"
MWI,IHS5,703,MARGARINE BLUE BAND,5,ihs5_conversion_factors_GO,703,MARGARINE - BLUE BAND
MWI,IHS5,705,CHAMBIKO SOURED MILK,5,ihs5_conversion_factors_GO,705,CHAMBIKO - SOURED MILK
MWI,IHS5,708,INFANT FEEDING FORMULA (BOTTLE),5,ihs5_conversion_factors_GO,708,INFANT FEEDING FORMULA (FOR BOTTLE)
MWI,IHS5,801,"SUGAR, WHITE",5,ihs5_conversion_factors_GO,801,SUGAR
MWI,IHS5,806,CINNAMON POWDER,5,ihs5_conversion_factors_GO,NA,NA
MWI,IHS5,807,GINGER POWDER,5,ihs5_conversion_factors_GO,NA,NA
MWI,IHS5,808,CURRY POWDER,5,ihs5_conversion_factors_GO,NA,NA
MWI,IHS5,816,"SWEETS, CANDY, CHOCOLATE",5,ihs5_conversion_factors_GO,816,"SWEETS, CANDY, CHOCOLATES"
MWI,IHS5,820,MAIZE BOILED OR ROASTED VENDOR,5,ihs5_conversion_factors_GO,820,MAIZE - BOILED OR ROASTED (VENDOR)
MWI,IHS5,821,CHIPS VENDOR,5,ihs5_conversion_factors_GO,821,CHIPS (VENDOR)
MWI,IHS5,822,CASSAVA BOILED VENDOR,5,ihs5_conversion_factors_GO,822,CASSAVA - BOILED (VENDOR)
MWI,IHS5,824,CHICKEN VENDOR,5,ihs5_conversion_factors_GO,824,CHICKEN (VENDOR)
MWI,IHS5,825,MEAT VENDOR,5,ihs5_conversion_factors_GO,825,MEAT (VENDOR)
MWI,IHS5,826,FISH VENDOR,5,ihs5_conversion_factors_GO,826,FISH (VENDOR)
MWI,IHS5,828,SAMOSA VENDOR,5,ihs5_conversion_factors_GO,828,SAMOSA (VENDOR)
MWI,IHS5,836,ZIKONDAMOYO NKATE,5,ihs5_conversion_factors_GO,836,ZIKONDAMOYO / NKATE
MWI,IHS5,837,KALONGONDA MUCUNA,5,ihs5_conversion_factors_GO,837,KALONGONDA (MUCUNA)
MWI,IHS5,838,CASSAVA ROASTED VENDOR,5,ihs5_conversion_factors_GO,838,CASSAVA - ROASTED (VENDOR)
MWI,IHS5,907,"SOFT DRINKS (COCA-COLA, FANTA, SPRITE ETC)",5,ihs5_conversion_factors_GO,907,"SOFT DRINKS (COCA-COLA, FANTA, SPRITE, ETC)"
MWI,IHS5,911,"BOTTLED/CANNED BEER (CARLSBERG, ETC)",5,ihs5_conversion_factors_GO,911,"BOTTLED / CANNED BEER (CARLSBERG, ETC)"
MWI,IHS5,5021,SUNDRIED FISH LARGE VARIETY,5,ihs5_conversion_factors_GO,5021,SUN DRIED FISH (LARGE VARIETY)
MWI,IHS5,5022,SUNDRIED FISH MEDIUM VARIETY,5,ihs5_conversion_factors_GO,5022,SUN DRIED FISH (MEDIUM VARIETY)
MWI,IHS5,5023,SUNDRIED FISH SMALL VARIETY,5,ihs5_conversion_factors_GO,5023,SUN DRIED FISH (SMALL VARIETY)
MWI,IHS5,5031,FRESH FISH LARGE VARIETY,5,ihs5_conversion_factors_GO,5031,FRESH FISH (LARGE VARIETY)
MWI,IHS5,5032,FRESH FISH MEDIUM VARIETY,5,ihs5_conversion_factors_GO,5032,FRESH FISH (MEDIUM VARIETY)
MWI,IHS5,5033,FRESH FISH SMALL VARIETY,5,ihs5_conversion_factors_GO,5033,FRESH FISH (SMALL VARIETY)
MWI,IHS5,5121,SMOKED FISH LARGE VARIETY,5,ihs5_conversion_factors_GO,5121,SMOKED FISH (LARGE VARIETY)
MWI,IHS5,5122,SMOKED FISH MEDIUM VARIETY,5,ihs5_conversion_factors_GO,5122,SMOKED FISH (MEDIUM VARIETY)
MWI,IHS5,5123,SMOKED FISH SMALL VARIETY,5,ihs5_conversion_factors_GO,5123,SMOKED FISH (SMALL VARIETY)
MWI,IHS5,117,DORGHUM FLOUR,2,maps-team,108,SORGHUM (MAPIRA)
MWI,IHS5,117,IRISH POTATOES,2,maps-team,205,IRISH POTATO
MWI,IHS5,117,JIGGS,2,maps-team,NA,NA
MWI,IHS5,117,KAMBA,2,maps-team,NA,NA
MWI,IHS5,117,LAMBS PUFFS,2,maps-team,NA,NA
MWI,IHS5,117,MAPIRA,2,maps-team,108,SORGHUM (MAPIRA)
MWI,IHS5,117,NKHOWE,2,maps-team,NA,NA
MWI,IHS5,117,SNACKS,2,maps-team,NA,NA
MWI,IHS5,117,SOHGUM FLOUR (UFA),2,maps-team,108,SORGHUM (MAPIRA)
MWI,IHS5,117,SORGHUM FLOUR,2,maps-team,108,SORGHUM (MAPIRA)
MWI,IHS5,117,SOYA,2,maps-team,301,"BEAN, WHITE"
MWI,IHS5,117,TIGER PUFF SNACKS,2,maps-team,NA,NA
MWI,IHS5,209,BONONGWE,2,maps-team,404,NKHWANI
MWI,IHS5,209,CHILAZI,2,maps-team,NA,NA
MWI,IHS5,209,COCOYAMS,2,maps-team,208,COCOYAM (MASIMBI)
MWI,IHS5,209,DRIED CASSAVA (MAKAKA),2,maps-team,NA,NA
MWI,IHS5,209,MPAMA,2,maps-team,NA,NA
MWI,IHS5,209,YAMS,2,maps-team,208,COCOYAM (MASIMBI)
MWI,IHS5,209,ZINYANYA,2,maps-team,NA,NA
MWI,IHS5,310,BUTTER BEANS,2,maps-team,301,"BEAN, WHITE"
MWI,IHS5,310,CHICK PEA,2,maps-team,NA,NA
MWI,IHS5,310,COW PEAS,2,maps-team,308,COWPEA (KHOBWE)
MWI,IHS5,310,GROUND AND COOKED BEANS,2,maps-team,302,"BEAN, BROWN"
MWI,IHS5,310,KHOBWE,2,maps-team,308,COWPEA (KHOBWE)
MWI,IHS5,310,KHUNGUZU,2,maps-team,302,"BEAN, BROWN"
MWI,IHS5,310,LABLAB,2,maps-team,NA,NA
MWI,IHS5,310,MAHAWADI AND BUTTER BEANS,2,maps-team,NA,NA
MWI,IHS5,310,MIXED BEANS,2,maps-team,302,"BEAN, BROWN"
MWI,IHS5,310,MSAWAWA,2,maps-team,NA,NA
MWI,IHS5,310,MUCUNA,2,maps-team,837,KALONGONDA (MUCUNA)
MWI,IHS5,310,NKHUNGUZU,2,maps-team,302,"BEAN, BROWN"
MWI,IHS5,310,NSAULA,2,maps-team,NA,NA
MWI,IHS5,310,NSAWAWA,2,maps-team,NA,NA
MWI,IHS5,310,PEACHES,2,maps-team,601,MANGO
MWI,IHS5,310,PEAGION PEAS,2,maps-team,303,PIGEON PEA (NANDOLO)
MWI,IHS5,310,PEANUT,2,maps-team,NA,NA
MWI,IHS5,310,PEAS,2,maps-team,NA,NA
MWI,IHS5,310,RED BEANS,2,maps-team,302,"BEAN, BROWN"
MWI,IHS5,310,SAWAWA,2,maps-team,NA,NA
MWI,IHS5,310,SOAP PIECE,2,maps-team,NA,NA
MWI,IHS5,310,TCHANA,2,maps-team,NA,NA
MWI,IHS5,310,YELLOW BEANS,2,maps-team,302,"BEAN, BROWN"
MWI,IHS5,310,ZIMBAMBA/MAKWERA,2,maps-team,NA,NA
MWI,IHS5,412,THERERE WAMASAMBA,2,maps-team,411,OKRA / THERERE
MWI,IHS5,412,TINNED BEANS,2,maps-team,NA,NA
MWI,IHS5,414,CARROT,2,maps-team,NA,NA
MWI,IHS5,414,CASSAVA LEAVES,2,maps-team,404,NKHWANI
MWI,IHS5,414,CHAFUTSA,2,maps-team,NA,NA
MWI,IHS5,414,CHAMWAMBA,2,maps-team,411,OKRA / THERERE
MWI,IHS5,414,CHIGWADWA(CASSAVA LEAVES),2,maps-team,NA,NA
MWI,IHS5,414,CHISOSO,2,maps-team,404,NKHWANI
MWI,IHS5,414,CHITAMBE,2,maps-team,404,NKHWANI
MWI,IHS5,414,CHITAMBE(MFUTSO),2,maps-team,NA,NA
MWI,IHS5,414,EGG PLANT,2,maps-team,402,CABBAGE
MWI,IHS5,414,EGGS PLANTS,2,maps-team,402,CABBAGE
MWI,IHS5,414,GATHERED THERERE,2,maps-team,411,OKRA / THERERE
MWI,IHS5,414,KHOLOWA,2,maps-team,404,NKHWANI
MWI,IHS5,414,KHWANYA,2,maps-team,404,NKHWANI
MWI,IHS5,414,KWANYA,2,maps-team,404,NKHWANI
MWI,IHS5,414,LUNI,2,maps-team,404,NKHWANI
MWI,IHS5,414,MABILINGANO,2,maps-team,402,CABBAGE
MWI,IHS5,414,MFUTSO,2,maps-team,NA,NA
MWI,IHS5,414,MOLINA LEAVES,2,maps-team,NA,NA
MWI,IHS5,414,MORINGA,2,maps-team,NA,NA
MWI,IHS5,414,MPHONDA,2,maps-team,410,PUMPKIN
MWI,IHS5,414,MPILU,2,maps-team,403,TANAPOSI/RAPE
MWI,IHS5,414,MPIRU,2,maps-team,NA,NA
MWI,IHS5,414,MTAMBE,2,maps-team,404,NKHWANI
MWI,IHS5,414,MUSHROOM SOUP,2,maps-team,NA,NA
MWI,IHS5,414,NTAPASHA,2,maps-team,404,NKHWANI
MWI,IHS5,414,NTAPASHA (CASSAVA LEAVES),2,maps-team,404,NKHWANI
MWI,IHS5,414,PUPWE,2,maps-team,NA,NA
MWI,IHS5,414,RAPE,2,maps-team,403,TANAPOSI/RAPE
MWI,IHS5,414,SOA PIECES,2,maps-team,NA,NA
MWI,IHS5,414,THERERE,2,maps-team,411,OKRA / THERERE
MWI,IHS5,414,THERERE WACHINYOLOMONYA,2,maps-team,411,OKRA / THERERE
MWI,IHS5,414,WILD THERERE,2,maps-team,411,OKRA / THERERE
MWI,IHS5,515,ANTELOPE,2,maps-team,505,GOAT
MWI,IHS5,515,BIRD,2,maps-team,509,"OTHER POULTRY - GUINEA FOWL, DOVES, ETC"
MWI,IHS5,515,CRABS,2,maps-team,NA,NA
MWI,IHS5,515,DUCK,2,maps-team,509,"OTHER POULTRY - GUINEA FOWL, DOVES, ETC"
MWI,IHS5,515,GRASSHOPPER,2,maps-team,511,"TERMITES, OTHER INSECTS (EG NGUMBI, CATERPILLAR)"
MWI,IHS5,515,LOCUST,2,maps-team,511,"TERMITES, OTHER INSECTS (EG NGUMBI, CATERPILLAR)"
MWI,IHS5,515,MATEMBA,2,maps-team,NA,NA
MWI,IHS5,515,MINCE MEAT,2,maps-team,NA,NA
MWI,IHS5,515,NGWIME,2,maps-team,NA,NA
MWI,IHS5,515,NKHANO,2,maps-team,NA,NA
MWI,IHS5,515,NKHWALI,2,maps-team,509,"OTHER POULTRY - GUINEA FOWL, DOVES, ETC"
MWI,IHS5,515,NYENJE,2,maps-team,NA,NA
MWI,IHS5,515,SAUSAGE,2,maps-team,NA,NA
MWI,IHS5,515,SAYA PIECES,2,maps-team,NA,NA
MWI,IHS5,515,TSETSENYA (LOOKS LIKE IMSECTS,2,maps-team,511,"TERMITES, OTHER INSECTS (EG NGUMBI, CATERPILLAR)"
MWI,IHS5,515,ZIWALA,2,maps-team,511,"TERMITES, OTHER INSECTS (EG NGUMBI, CATERPILLAR)"
MWI,IHS5,610,CUSTARD APPLE,2,maps-team,609,APPLE
MWI,IHS5,610,GRAPES,2,maps-team,NA,NA
MWI,IHS5,610,GUAVAS,2,maps-team,606,GUAVA
MWI,IHS5,610,LEMON,2,maps-team,603,"CITRUS – NAARTJE, ORANGE, ETC"
MWI,IHS5,610,MAGAGADEYA,2,maps-team,NA,NA
MWI,IHS5,610,MAGHOKOLO,2,maps-team,NA,NA
MWI,IHS5,610,MANDALENA,2,maps-team,NA,NA
MWI,IHS5,610,MATOKOLO,2,maps-team,NA,NA
MWI,IHS5,610,MATOWO,2,maps-team,NA,NA
MWI,IHS5,610,MAXICAN APPLE,2,maps-team,609,APPLE
MWI,IHS5,610,MCHERENJE,2,maps-team,NA,NA
MWI,IHS5,610,MEAN APPLE,2,maps-team,609,APPLE
MWI,IHS5,610,MEXICAN APPLE,2,maps-team,609,APPLE
MWI,IHS5,610,MIPOZA,2,maps-team,NA,NA
MWI,IHS5,610,MKHAKA,2,maps-team,409,CUCUMBER
MWI,IHS5,610,NANAZI,2,maps-team,604,PINEAPPLE
MWI,IHS5,610,NTHUDZA,2,maps-team,NA,NA
MWI,IHS5,610,NUTS,2,maps-team,NA,NA
MWI,IHS5,610,"RASPBERRIES,STRAWBERRIES",2,maps-team,NA,NA
MWI,IHS5,610,WATER MELON,2,maps-team,NA,NA
MWI,IHS5,610,WATERMELON,2,maps-team,NA,NA
MWI,IHS5,610,WILD FRUIT,2,maps-team,608,"WILD FRUIT (MASAU, MALAMBE, ETC)"
MWI,IHS5,610,WILD LOQUAT,2,maps-team,608,"WILD FRUIT (MASAU, MALAMBE, ETC)"
MWI,IHS5,610,WILD PASSION FRUIT,2,maps-team,608,"WILD FRUIT (MASAU, MALAMBE, ETC)"
MWI,IHS5,709,CONDENSED MILK,2,maps-team,NA,NA
MWI,IHS5,709,FIRST CHOICE MILK,2,maps-team,701,FRESH MILK
MWI,IHS5,709,PEANUT BUTTER,2,maps-team,NA,NA
MWI,IHS5,804,MISALE,2,maps-team,108,SORGHUM (MAPIRA)
MWI,IHS5,804,OLIVE OIL,2,maps-team,NA,NA
MWI,IHS5,818,GREENPAPER,2,maps-team,NA,NA
MWI,IHS5,818,KHALE,2,maps-team,NA,NA
MWI,IHS5,818,MAYONNAISE,2,maps-team,NA,NA
MWI,IHS5,818,PEPPER,2,maps-team,811,SPICES
MWI,IHS5,818,ROYCO,2,maps-team,811,SPICES
MWI,IHS5,818,SODA,2,maps-team,812,"YEAST, BAKING POWDER, BICARBONATE OF SODA"
MWI,IHS5,830,CHIGEGE,2,maps-team,821,CHIPS (VENDOR)
MWI,IHS5,830,CHIKANDE/ CHINAKA,2,maps-team,NA,NA
MWI,IHS5,830,CHIMIMINA,2,maps-team,NA,NA
MWI,IHS5,830,COOKED SWEET POTATOES (VENDORS),2,maps-team,831,BOILED SWEET POTATOES
MWI,IHS5,830,FRIED MIXTURE OF MAIZE FLOUR/BANANA AND SODA,2,maps-team,827,"MANDAZI, DOUGHNUT (VENDOR)"
MWI,IHS5,830,IRISH POTATOES AND FLOUR,2,maps-team,821,CHIPS (VENDOR)
MWI,IHS5,830,KANYENYA,2,maps-team,NA,NA
MWI,IHS5,830,MBALAGA,2,maps-team,NA,NA
MWI,IHS5,830,MBALAGA (FRIED SWEETPOTATOES),2,maps-team,NA,NA
MWI,IHS5,830,MIXTURE OF MAIZE FLOUR/BANANA/SUGAR,2,maps-team,827,"MANDAZI, DOUGHNUT (VENDOR)"
MWI,IHS5,830,PUMPKINS,2,maps-team,410,PUMPKIN
MWI,IHS5,830,ROASTED SWEET POTATO,2,maps-team,832,ROASTED SWEET POTATOES
MWI,IHS5,830,ZIBHWENTE,2,maps-team,821,CHIPS (VENDOR)
MWI,IHS5,830,ZIBWEMPWE,2,maps-team,821,CHIPS (VENDOR)
MWI,IHS5,830,ZIBWENTE,2,maps-team,821,CHIPS (VENDOR)
MWI,IHS5,830,ZIGEDE,2,maps-team,821,CHIPS (VENDOR)
MWI,IHS5,916,BAKES,2,maps-team,906,FREEZES (FLAVOURED ICE)
MWI,IHS5,916,BAKES JUICE,2,maps-team,906,FREEZES (FLAVOURED ICE)
MWI,IHS5,916,CHIBUKU BEER,2,maps-team,908,CHIBUKU(COMMERCIAL TRADITIONAL-STYLE BEER)
MWI,IHS5,916,DRAGON  FROZY,2,maps-team,907,"SOFT DRINKS (COCA-COLA, FANTA, SPRITE, ETC)"
MWI,IHS5,916,ENERGY DRINK,2,maps-team,NA,NA
MWI,IHS5,916,FROZY,2,maps-team,907,"SOFT DRINKS (COCA-COLA, FANTA, SPRITE, ETC)"
MWI,IHS5,916,FROZY DRINK,2,maps-team,NA,NA
MWI,IHS5,916,JOLKY JUS,2,maps-team,906,FREEZES (FLAVOURED ICE)
MWI,IHS5,916,JOLLY JAS JUICE,2,maps-team,906,FREEZES (FLAVOURED ICE)
MWI,IHS5,916,KATATA,2,maps-team,411,OKRA / THERERE
MWI,IHS5,916,KINDI,2,maps-team,NA,NA
MWI,IHS5,916,POWDERED JUICE,2,maps-team,906,FREEZES (FLAVOURED ICE)
MWI,IHS5,916,THUMPS UP,2,maps-team,907,"SOFT DRINKS (COCA-COLA, FANTA, SPRITE, ETC)"
MWI,IHS5,916,WAKA JUICE,2,maps-team,906,FREEZES (FLAVOURED ICE)
MWI,IHS5,916,WATER HYACINTH,2,maps-team,NA,NA
MWI,IHS5,916,WINE,2,maps-team,914,WINE OR COMMERCIAL LIQUOR
